deviceinfo_deviceid,max,count,sum
3.53E+14,51,124557,111859000
3.57E+14,39,51360,106214000
9.90E+14,40,62748,98296638
3.60E+14,48,65778,96091464
9.90E+14,51,57791,94392630
9.90E+14,45,39856,94253392
3.55E+14,40,83013,88732414
9.90E+14,52,66971,88059020
3.59E+14,36,69867,82067449
3.58E+14,42,59531,80749241
3.55E+14,39,53447,77461573
3.58E+14,26,33531,74575621
9.90E+14,46,75787,72918880
3.59E+14,52,52127,71807374
9.90E+14,47,61897,70283285
9.90E+14,50,41359,68303112
3.58E+14,27,34836,67479100
3.59E+14,48,49689,65449333
3.58E+14,47,64893,65159488
3.52E+14,35,64595,65082636
9.90E+14,47,32940,64964942
9.90E+14,49,48413,62560990
3.58E+14,27,36693,62530959
3.58E+14,24,36216,61451572
3.55E+14,41,68508,61185625
3.58E+14,27,40300,59643384
3.58E+14,38,36632,59472066
3.57E+14,47,55239,59346449
9.90E+14,59,74524,59120141
9.90E+14,45,97295,58446178
9.90E+14,52,40759,57917960
9.90E+14,40,63106,57454884
3.58E+14,27,32689,57162110
9.90E+14,45,27494,57005526
3.58E+14,35,69042,56893336
3.56E+14,30,29765,56737701
3.57E+14,41,31523,56734192
3.58E+14,28,33053,56419474
3.58E+14,54,59816,56059345
3.57E+14,46,38308,55372884
3.54E+14,49,38717,55361132
9.90E+14,52,50535,55304247
3.58E+14,49,57170,55048177
9.90E+14,61,50327,53970397
3.55E+14,42,37061,53565505
3.57E+14,35,60342,52637492
3.58E+14,65,116274,52303592
3.57E+14,45,53976,52226246
3.58E+14,23,27026,52078577
3.58E+14,27,32673,51967760
3.58E+14,27,35967,51896177
3.59E+14,49,54414,51101466
9.90E+14,45,38750,50352313
9.90E+14,40,54611,49897524
3.58E+14,22,27200,49850595
3.54E+14,57,43690,49441648
9.90E+14,51,39341,48696156
3.60E+14,40,62938,48694521
3.55E+14,40,36923,48209086
3.58E+14,22,36567,47601991
3.59E+14,47,36818,47141616
3.58E+14,27,26491,46996099
3.55E+14,36,35891,46621845
3.52E+14,47,35762,46427291
3.58E+14,23,30527,45954462
3.58E+14,27,29354,45386023
3.58E+14,30,37653,45251716
3.58E+14,30,31584,44750873
9.90E+14,48,51811,44338007
3.54E+14,50,27939,43796929
3.56E+14,39,23438,43552284
3.58E+14,27,26019,43239449
3.58E+14,41,26651,42598808
3.53E+14,40,33039,42424183
3.53E+14,32,31461,42408604
3.53E+14,36,38208,42382963
3.55E+14,40,24550,42200900
3.58E+14,25,23112,42193944
9.90E+14,45,26892,41997750
9.90E+14,47,43552,41976219
3.55E+14,39,43644,40972009
3.57E+14,41,35830,40285102
3.58E+14,40,38621,39915272
3.55E+14,39,40990,39911317
3.58E+14,55,27952,39883352
3.58E+14,25,24006,39157137
3.56E+14,33,22682,38813227
3.56E+14,48,39845,38756022
3.58E+14,26,21507,38435628
3.58E+14,28,19209,38208764
9.90E+14,64,76605,38198580
3.56E+14,48,20520,38196392
3.54E+14,52,29253,38128175
3.53E+14,48,27924,37931172
3.58E+14,39,27535,37771371
3.57E+14,42,30633,37580685
3.58E+14,22,17437,37407614
3.58E+14,40,44269,37380091
3.58E+14,26,18050,37004947
3.56E+14,36,16655,36942476
3.59E+14,45,43800,36739592
9.90E+14,53,43622,36735759
3.58E+14,25,20742,36672047
3.58E+14,17,13999,36641523
3.56E+14,28,16927,36607396
3.58E+14,27,19604,36202368
3.58E+14,27,20085,36053050
3.56E+14,34,32569,36009031
3.55E+14,42,34127,35983055
3.58E+14,26,18690,35857282
3.54E+14,45,29075,35808879
9.90E+14,49,30239,35457197
3.56E+14,33,24390,35399119
3.53E+14,30,45392,35294478
3.58E+14,25,19590,35199597
3.54E+14,50,24043,34944596
3.58E+14,38,15611,34849243
3.57E+14,37,25592,34502144
3.58E+14,22,26526,34430512
9.90E+14,46,21720,34228927
3.58E+14,27,20550,34132708
3.58E+14,28,20834,34073438
3.58E+14,24,24500,33931010
3.58E+14,32,33086,33903906
3.56E+14,27,19268,33855429
3.58E+14,20,22781,33794223
3.58E+14,25,20782,33695580
3.58E+14,28,15315,33552610
3.55E+14,40,32698,33446938
3.58E+14,26,15517,33331018
3.55E+14,33,31024,33276634
3.58E+14,23,19411,33246465
3.58E+14,26,14953,32953737
3.58E+14,26,22229,32854733
3.59E+14,54,56269,32822934
3.58E+14,48,20576,32716746
3.55E+14,41,32470,32634250
9.90E+14,58,59894,32532454
3.58E+14,24,20128,32359586
3.55E+14,40,30841,32333862
3.58E+14,27,15277,32173880
3.56E+14,25,15831,32111907
3.56E+14,24,13872,32062981
3.58E+14,20,22065,31910569
3.58E+14,26,17579,31879722
3.58E+14,26,23444,31864270
3.56E+14,40,15447,31860604
3.58E+14,25,23165,31852985
3.56E+14,23,13876,31762599
3.54E+14,27,22597,31712128
3.57E+14,49,42913,31645556
3.58E+14,24,30653,31491795
3.58E+14,26,20581,31478421
3.56E+14,28,18247,31365030
9.90E+14,48,68405,31363576
3.52E+14,56,28365,31092434
3.58E+14,26,30088,31006385
3.58E+14,40,21841,30841974
3.56E+14,25,17863,30836664
3.58E+14,27,13630,30819187
9.90E+14,63,44507,30774723
3.58E+14,21,22361,30733207
3.58E+14,27,13772,30705548
3.55E+14,42,35100,30675032
3.58E+14,28,16820,30670474
3.58E+14,24,16746,30650051
3.58E+14,21,16820,30447456
3.58E+14,22,29875,30329237
3.58E+14,28,19495,30317667
3.57E+14,40,23382,30315786
3.58E+14,24,19938,30285989
3.56E+14,25,10856,30185795
3.58E+14,25,16313,30051911
3.58E+14,28,19569,29993047
3.58E+14,25,9080,29974135
3.58E+14,58,42796,29968190
3.57E+14,48,39111,29951858
3.53E+14,37,33565,29543489
3.58E+14,24,18807,29489632
3.58E+14,25,20986,29469077
3.58E+14,31,26649,29447781
9.90E+14,48,28173,29441061
3.58E+14,29,14682,29355025
3.58E+14,23,17902,29348353
3.58E+14,24,17916,29335002
3.56E+14,30,19505,29293721
3.58E+14,24,16627,29251733
3.58E+14,22,15035,29198580
3.58E+14,29,10436,29168696
3.58E+14,28,30498,29123644
3.58E+14,27,17596,28999472
3.53E+14,34,62123,28986422
3.56E+14,26,16183,28977758
3.58E+14,28,23252,28877573
3.58E+14,27,14721,28740377
3.58E+14,25,13916,28739203
3.54E+14,51,19971,28450479
3.56E+14,29,16411,28260322
3.58E+14,27,27738,28173765
3.55E+14,39,32749,28162815
3.56E+14,25,14220,27972136
3.55E+14,42,29250,27970114
3.58E+14,29,13914,27888897
3.58E+14,40,20480,27856726
9.90E+14,36,39433,27791837
3.58E+14,22,14909,27765661
3.58E+14,28,14464,27712579
9.90E+14,47,39083,27652687
3.58E+14,29,18591,27530491
3.58E+14,27,19027,27383994
3.58E+14,26,26782,27371200
3.58E+14,29,15718,27354263
3.58E+14,28,26103,27290309
3.58E+14,29,16985,27225644
3.58E+14,41,26231,27168130
3.58E+14,49,65701,27079634
3.58E+14,23,21995,27044189
3.57E+14,39,20194,27015088
3.53E+14,41,16244,27006400
3.56E+14,41,33189,26904926
3.58E+14,39,22841,26884269
3.56E+14,28,16526,26803734
3.58E+14,26,18975,26776631
3.56E+14,26,13850,26664178
3.58E+14,24,15587,26584494
9.90E+14,45,21955,26553231
3.58E+14,26,16239,26538157
3.56E+14,25,13075,26396109
9.90E+14,49,24531,26270364
3.55E+14,36,30107,26172293
9.90E+14,51,12815,26134618
3.58E+14,42,25723,26102452
3.58E+14,26,26515,25917994
3.56E+14,27,12708,25899950
3.58E+14,26,15363,25868329
3.56E+14,24,14819,25862495
3.58E+14,27,13849,25840840
3.58E+14,28,10534,25831560
3.56E+14,41,21033,25780281
9.90E+14,44,19234,25695942
3.58E+14,27,16851,25694628
3.58E+14,23,13662,25644184
3.58E+14,28,17376,25593762
3.58E+14,27,16627,25570632
3.55E+14,34,20422,25514150
3.57E+14,39,21257,25510330
9.90E+14,49,36755,25417184
3.58E+14,26,13978,25400261
3.58E+14,28,12655,25321468
3.58E+14,26,14458,25256965
3.56E+14,40,20727,25190392
3.58E+14,26,13613,25178806
3.57E+14,51,17085,25130551
3.58E+14,24,15248,25119861
3.57E+14,46,18105,25105057
3.58E+14,26,13956,25032735
3.58E+14,26,11247,24933982
3.58E+14,25,12508,24888956
3.56E+14,23,13149,24828785
3.58E+14,28,15503,24737035
3.56E+14,41,20145,24722122
3.56E+14,28,15701,24624229
3.58E+14,27,22681,24614721
3.53E+14,26,48490,24609404
3.58E+14,31,12916,24593236
3.56E+14,28,14212,24582483
9.90E+14,48,28705,24573059
3.58E+14,24,8197,24528464
9.90E+14,42,43782,24436822
3.58E+14,29,12295,24371561
3.56E+14,29,13111,24355344
3.56E+14,23,14265,24296218
9.90E+14,51,34567,24210119
3.58E+14,25,12450,24127869
9.90E+14,46,16089,24094630
3.54E+14,51,35605,24090798
3.58E+14,30,14169,24081296
3.56E+14,44,15903,24063059
3.56E+14,41,18037,24025514
3.58E+14,26,22051,23980217
9.90E+14,50,33042,23963451
3.56E+14,26,11519,23845421
3.58E+14,24,18064,23736019
3.58E+14,32,10853,23701015
3.58E+14,42,21159,23656259
9.90E+14,48,19278,23610651
3.56E+14,26,12169,23608230
3.58E+14,23,12701,23596071
3.58E+14,35,22030,23557626
3.55E+14,36,34860,23452118
3.57E+14,47,30512,23433032
3.58E+14,26,21784,23392954
3.58E+14,22,4135,23367784
3.58E+14,24,12546,23367618
3.58E+14,24,15433,23223228
3.56E+14,39,19163,23220385
3.58E+14,21,10661,23212401
3.58E+14,23,14412,23204777
9.90E+14,44,11160,23188682
3.58E+14,27,28537,23171535
3.56E+14,20,12535,23109848
3.56E+14,27,9979,22870396
3.55E+14,40,42424,22866302
3.54E+14,41,44356,22812897
3.58E+14,28,11398,22736866
3.58E+14,24,9385,22648725
3.58E+14,48,29436,22620904
3.58E+14,47,22503,22592208
3.56E+14,26,14332,22478359
3.58E+14,27,11144,22459069
9.90E+14,44,18797,22370004
3.58E+14,29,12571,22365741
3.58E+14,26,13076,22363906
3.54E+14,55,25070,22348874
3.55E+14,39,31941,22307259
3.58E+14,24,14207,22209693
3.58E+14,28,11879,22085565
3.58E+14,45,26681,22077937
3.58E+14,24,17016,22057565
3.56E+14,24,9893,21995836
3.58E+14,26,13944,21889478
3.58E+14,24,12875,21877916
3.56E+14,41,20403,21849273
3.56E+14,30,10515,21782214
3.58E+14,27,12859,21713822
3.58E+14,25,10312,21702377
3.56E+14,26,12297,21674643
3.58E+14,26,18964,21661951
3.58E+14,31,15051,21655376
3.58E+14,48,19804,21629690
3.56E+14,25,17667,21562007
3.56E+14,27,12952,21524211
3.56E+14,24,10392,21521555
3.58E+14,30,8964,21487937
3.54E+14,39,27182,21449532
3.56E+14,24,12015,21288989
3.57E+14,47,22378,21257107
3.58E+14,27,15100,21252466
3.58E+14,25,22586,21205223
3.56E+14,40,18557,21189582
3.58E+14,25,14650,21165092
3.58E+14,30,16335,21060812
3.56E+14,28,12637,20948066
3.58E+14,26,11654,20893729
3.54E+14,55,39693,20891658
3.58E+14,23,5777,20864094
3.56E+14,40,9170,20809807
9.90E+14,48,22026,20737708
3.55E+14,41,24868,20650226
3.58E+14,22,11971,20592348
3.55E+14,37,67803,20555542
3.58E+14,25,12745,20547710
3.58E+14,23,11139,20413420
3.58E+14,26,7256,20401233
3.56E+14,26,6854,20379605
3.58E+14,23,15359,20378572
3.58E+14,25,11861,20361254
3.58E+14,25,12426,20347573
3.55E+14,38,17662,20334816
3.58E+14,25,12371,20289649
3.56E+14,24,13611,20186266
3.58E+14,21,11363,20151178
3.55E+14,34,23376,20148721
3.56E+14,28,12739,20125195
3.58E+14,28,25856,20073448
3.58E+14,26,14424,20025228
3.58E+14,26,13837,20001672
3.58E+14,27,11466,19965014
3.58E+14,40,31419,19880467
3.56E+14,30,10306,19824159
3.57E+14,38,13767,19823886
3.56E+14,27,10363,19822152
3.58E+14,25,9966,19782301
3.58E+14,23,13645,19756406
3.56E+14,28,10066,19732564
3.58E+14,39,12818,19683895
3.57E+14,38,33668,19601358
3.58E+14,29,8586,19569925
3.58E+14,27,11944,19518854
3.58E+14,27,13121,19515229
3.58E+14,26,12176,19443067
3.58E+14,23,9286,19409609
3.56E+14,26,11263,19370693
3.58E+14,23,13494,19345850
3.55E+14,39,19545,19324299
3.56E+14,27,12718,19300440
3.58E+14,26,7275,19244309
3.58E+14,43,31171,19198495
3.58E+14,25,9963,19155187
3.54E+14,39,42732,19146445
3.58E+14,23,18028,19117483
9.90E+14,49,15477,18922806
3.58E+14,21,13148,18897053
3.54E+14,56,28615,18880907
3.58E+14,25,8488,18822029
3.58E+14,36,12159,18736839
3.56E+14,25,10572,18706801
R52H10L44CR,31,12310,18654508
3.56E+14,26,14013,18627895
3.56E+14,23,10540,18627082
3.56E+14,26,13724,18627046
3.56E+14,29,8161,18551993
3.58E+14,28,9731,18517929
3.58E+14,26,12599,18443797
3.58E+14,28,7947,18428557
3.58E+14,27,12073,18397802
3.58E+14,26,9018,18361123
3.58E+14,28,8369,18339923
3.58E+14,25,18032,18334208
3.58E+14,25,11030,18296161
3.58E+14,25,20570,18262367
3.58E+14,22,13261,18180172
3.56E+14,27,9815,18167525
3.58E+14,23,15337,18160440
3.58E+14,41,16001,18136717
3.54E+14,50,36405,18059546
3.56E+14,29,8472,18031390
3.58E+14,24,9143,18000329
3.58E+14,25,10576,17979231
3.56E+14,29,8772,17951802
3.58E+14,24,12470,17951165
3.58E+14,26,14388,17941165
3.55E+14,38,15138,17929052
3.58E+14,27,13523,17917977
3.58E+14,24,10807,17915923
3.56E+14,22,8399,17888955
3.58E+14,24,6616,17885213
3.56E+14,25,9880,17880938
3.58E+14,21,8888,17846603
3.56E+14,23,9480,17793942
3.58E+14,29,26858,17743123
3.56E+14,25,12042,17724190
3.57E+14,39,28592,17720920
3.58E+14,28,11222,17673465
3.58E+14,18,7468,17565330
3.56E+14,25,9897,17520710
3.58E+14,39,21676,17500700
3.58E+14,26,18731,17497032
3.58E+14,21,9615,17494272
3.58E+14,31,7258,17489549
3.56E+14,30,11479,17488473
3.58E+14,25,10626,17453723
3.56E+14,23,12636,17417484
3.58E+14,29,11896,17326627
3.58E+14,26,10474,17324528
3.58E+14,25,9675,17269829
9.90E+14,50,33805,17074305
3.58E+14,27,8225,17035487
3.53E+14,46,24672,16999481
3.58E+14,25,14888,16932975
3.53E+14,46,58897,16895657
3.55E+14,28,29592,16884763
3.58E+14,26,14284,16855028
3.58E+14,36,28472,16847891
3.58E+14,25,16261,16842660
3.55E+14,41,22434,16774445
3.58E+14,27,13183,16736597
3.58E+14,28,9814,16685635
3.56E+14,24,14372,16669108
3.56E+14,29,11533,16666922
3.58E+14,26,19731,16649730
3.56E+14,29,9699,16649116
3.54E+14,29,11057,16595792
3.58E+14,27,10569,16534636
3.56E+14,29,10857,16532550
3.58E+14,24,6927,16471499
3.58E+14,37,22899,16453017
3.58E+14,26,9484,16449305
3.57E+14,39,17936,16416249
3.58E+14,26,10910,16416239
3.58E+14,27,8800,16334306
3.56E+14,40,30638,16318052
3.56E+14,26,10674,16273088
3.58E+14,29,8793,16238388
3.54E+14,49,34086,16226771
3.58E+14,25,10316,16222099
3.58E+14,27,10042,16217058
3.56E+14,41,11487,16102050
3.56E+14,28,8206,16088222
9.90E+14,44,11161,16079736
3.58E+14,25,13452,16043919
3.58E+14,24,10309,16026857
3.56E+14,27,6662,15961922
3.58E+14,23,10302,15905869
3.53E+14,42,28203,15866909
3.58E+14,25,7365,15829845
3.58E+14,25,8153,15825623
3.55E+14,35,33872,15768446
3.58E+14,27,14913,15680711
3.58E+14,24,9046,15514089
3.58E+14,27,8215,15464518
3.58E+14,27,9771,15428116
9.90E+14,46,14012,15416603
3.54E+14,35,18615,15412088
3.58E+14,27,11730,15339363
3.57E+14,49,23129,15313931
3.58E+14,24,14480,15292203
3.57E+14,36,28301,15255970
3.56E+14,22,14713,15092178
3.59E+14,50,25797,15034190
3.53E+14,31,9060,15034111
3.58E+14,25,8295,15008685
3.59E+14,30,10269,14998459
3.56E+14,28,11287,14988896
3.56E+14,23,9631,14984275
3.58E+14,31,6437,14974478
3.58E+14,22,16651,14954890
3.56E+14,24,8854,14907322
3.59E+14,44,54172,14889364
3.56E+14,24,12916,14827654
3.58E+14,56,100445,14789342
3.58E+14,26,10980,14773376
3.55E+14,40,22196,14768137
3.56E+14,25,11586,14763062
3.58E+14,49,16266,14727391
3.56E+14,24,8582,14704841
3.58E+14,28,20236,14686324
3.56E+14,23,10131,14673528
3.56E+14,27,10993,14667419
3.57E+14,48,30676,14591302
3.56E+14,25,7343,14555608
3.56E+14,24,7610,14502754
3.58E+14,25,9742,14483207
3.58E+14,23,9081,14458961
9.90E+14,48,21088,14367809
3.58E+14,28,11904,14336361
3.58E+14,22,13019,14312445
3.58E+14,25,6689,14303569
3.58E+14,25,13178,14275571
9.90E+14,46,17719,14274579
3.58E+14,26,13595,14241868
3.58E+14,23,7354,14186616
3.58E+14,24,9349,14122014
3.58E+14,30,8593,14093322
3.56E+14,22,11400,14082448
3.58E+14,24,12313,14078506
3.54E+14,50,7685,14070384
3.58E+14,29,8165,14006270
3.52E+14,26,15565,13997394
3.58E+14,24,7212,13989206
3.54E+14,37,7308,13972615
3.58E+14,29,13640,13967256
3.54E+14,33,4546,13876767
3.58E+14,24,4303,13853737
3.58E+14,27,11275,13845868
3.59E+14,28,7865,13806744
3.58E+14,26,25830,13746659
3.58E+14,24,7441,13710939
3.58E+14,20,10226,13704393
3.58E+14,28,6868,13694406
3.58E+14,28,7583,13659873
3.56E+14,24,13613,13619717
3.58E+14,40,11389,13588894
3.58E+14,26,7621,13559094
3.58E+14,27,10070,13439408
3.58E+14,39,14166,13401862
3.58E+14,22,5551,13381997
3.58E+14,27,7198,13363323
3.58E+14,27,7528,13357659
3.58E+14,23,8612,13342522
3.58E+14,26,7497,13288765
3.58E+14,23,5757,13232754
3.56E+14,23,6975,13176936
3.58E+14,27,11342,13145892
3.58E+14,25,13429,13126343
3.56E+14,22,7109,13110388
3.58E+14,25,14626,13081232
3.58E+14,27,14938,13026315
3.57E+14,48,20930,13018699
3.58E+14,28,11878,12987230
3.54E+14,57,31239,12951192
3.54E+14,58,11889,12898521
3.58E+14,23,6866,12835738
3.58E+14,25,12121,12820452
3.56E+14,30,6561,12774629
3.56E+14,27,7076,12768175
3.58E+14,28,8777,12767746
3.58E+14,40,8544,12757013
3.56E+14,25,8176,12749562
3.56E+14,30,5088,12720246
3.58E+14,25,7878,12680986
3.58E+14,26,7545,12673912
3.56E+14,24,12304,12670309
3.58E+14,24,18493,12638849
3.58E+14,28,12045,12632560
3.53E+14,42,16160,12568980
3.56E+14,26,6636,12537209
3.58E+14,25,10648,12533248
3.58E+14,41,9827,12478446
9.90E+14,42,10317,12440304
3.58E+14,25,6392,12418284
3.59E+14,51,25443,12418031
3.58E+14,26,15166,12402126
3.58E+14,24,6379,12388140
3.52E+14,40,19818,12357387
3.58E+14,27,12650,12306002
3.58E+14,27,23137,12272968
3.58E+14,26,13284,12267345
3.55E+14,34,6238,12254956
3.56E+14,29,8174,12251173
3.58E+14,30,6624,12249306
3.58E+14,28,11396,12243035
3.54E+14,50,30332,12176329
3.58E+14,27,12837,12176263
3.56E+14,30,11915,12144587
3.53E+14,46,14093,12058019
3.58E+14,22,7643,12035366
3.58E+14,30,7645,12033974
3.56E+14,28,6555,12022397
3.56E+14,25,10831,12011381
3.58E+14,38,13375,11980863
3.58E+14,23,7657,11971450
3.58E+14,25,5655,11958877
3.56E+14,23,6251,11936550
3.59E+14,27,6602,11911150
3.58E+14,25,9329,11908245
3.58E+14,24,7170,11890054
3.59E+14,23,7126,11868476
3.54E+14,52,8801,11860424
3.58E+14,27,16089,11859468
3.56E+14,30,6548,11807453
3.59E+14,23,10378,11778887
3.58E+14,29,4871,11768665
3.58E+14,26,10796,11759908
3.56E+14,27,4434,11709573
3.55E+14,40,16735,11664684
3.57E+14,33,9437,11658347
3.58E+14,26,13211,11638961
3.56E+14,28,8094,11588643
3.58E+14,22,10883,11584867
3.54E+14,28,6816,11575569
3.56E+14,27,14434,11493286
3.56E+14,23,6954,11479569
3.58E+14,23,7041,11361793
3.58E+14,28,14680,11329428
3.56E+14,29,7411,11319774
3.52E+14,41,47134,11242410
3.56E+14,19,4891,11221593
9.90E+14,48,18284,11212931
3.58E+14,26,7986,11193753
3.58E+14,29,7228,11140059
3.58E+14,25,21312,11088420
3.55E+14,40,20744,11054688
3.58E+14,29,5768,11054641
3.55E+14,42,46400,11023092
3.59E+14,35,11873,10974269
3.58E+14,24,7566,10952855
3.56E+14,31,11356,10916393
3.59E+14,24,8512,10912270
9.90E+14,40,20006,10842128
3.59E+14,26,8853,10831913
3.56E+14,24,8083,10793160
3.58E+14,24,15034,10791927
3.55E+14,39,41567,10771020
9.90E+14,40,16975,10761794
3.58E+14,42,31284,10743320
3.58E+14,27,11947,10740907
3.58E+14,30,7928,10732551
3.53E+14,45,31107,10715400
3.56E+14,26,9346,10700075
3.58E+14,27,12526,10676476
3.58E+14,72,32224,10660623
3.56E+14,27,5516,10659356
3.58E+14,27,10753,10646865
3.58E+14,26,6949,10638809
3.58E+14,24,14857,10634718
3.58E+14,28,10769,10618424
3.56E+14,28,7639,10594770
3.56E+14,31,6782,10581474
3.58E+14,31,6385,10579090
3.56E+14,41,19492,10569868
3.58E+14,27,9515,10501312
3.56E+14,30,7865,10488482
3.56E+14,24,10053,10402224
3.58E+14,26,25281,10396617
3.59E+14,29,7736,10393205
3.56E+14,31,9678,10365814
3.58E+14,25,11628,10325376
3.59E+14,24,8781,10300251
3.56E+14,27,6823,10269609
3.58E+14,23,11670,10262669
3.55E+14,40,11408,10248401
3.58E+14,29,8422,10240366
3.58E+14,25,6768,10214660
3.58E+14,25,11615,10198669
3.58E+14,26,5378,10125148
3.58E+14,27,8222,10044683
3.58E+14,26,8256,10032339
3.58E+14,27,9264,9971180
3.56E+14,25,5981,9969714
3.59E+14,25,3985,9957762
3.58E+14,26,12450,9950213
3.59E+14,46,20609,9945940
3.58E+14,26,9485,9927768
3.55E+14,37,19818,9922732
3.58E+14,31,5242,9918879
3.58E+14,27,7555,9878539
3.56E+14,23,6288,9854143
3.58E+14,27,5690,9849610
3.58E+14,23,10918,9828616
3.58E+14,29,4663,9803128
3.59E+14,22,9126,9793875
3.58E+14,29,11660,9770834
3.56E+14,24,4616,9757028
3.58E+14,27,11875,9734668
3.56E+14,30,4873,9709531
3.56E+14,28,6464,9685490
3.58E+14,21,6734,9683710
3.59E+14,72,41229,9651594
3.58E+14,26,9657,9644189
3.58E+14,25,7132,9636511
3.58E+14,29,5409,9626318
3.58E+14,27,15150,9608634
3.56E+14,41,9827,9591623
3.56E+14,25,6455,9573421
R52H10L44JE,32,6691,9527964
3.58E+14,32,6689,9517820
3.60E+14,41,9457,9507202
3.58E+14,28,7405,9477844
3.58E+14,24,7362,9460844
3.59E+14,23,7492,9445416
3.58E+14,26,17151,9435468
3.58E+14,26,10206,9434212
3.58E+14,24,13514,9395286
3.58E+14,27,25185,9354683
3.58E+14,28,10854,9340527
3.58E+14,19,13451,9331643
3.56E+14,25,7197,9302807
3.56E+14,22,6847,9287856
3.58E+14,28,5864,9274474
3.58E+14,24,5400,9263278
9.90E+14,48,13418,9261238
3.58E+14,28,7238,9259784
3.58E+14,28,7900,9249177
3.58E+14,27,5406,9226856
3.58E+14,21,4411,9205263
3.59E+14,23,7442,9192294
R52H10L485R,34,3561,9179111
3.58E+14,29,5081,9165501
3.56E+14,38,13709,9125752
3.58E+14,24,5441,9122058
3.59E+14,23,8686,9055474
3.59E+14,24,8136,9025575
3.59E+14,24,9547,8978789
3.58E+14,24,14343,8922516
3.58E+14,28,5971,8900376
3.55E+14,36,2957,8865636
3.55E+14,36,4496,8849296
3.53E+14,31,45767,8843790
3.58E+14,21,6350,8825483
3.59E+14,29,8683,8787068
3.58E+14,26,7182,8785193
3.58E+14,26,7897,8771051
3.56E+14,21,5358,8735195
3.56E+14,26,6916,8687060
9.90E+14,34,25471,8672618
3.58E+14,27,13264,8659937
3.56E+14,25,1787,8645121
3.58E+14,29,6873,8626944
R52H10L45NW,35,6714,8606785
3.58E+14,25,5214,8605025
3.58E+14,28,8760,8598661
9.90E+14,53,26363,8596078
3.56E+14,29,7348,8555552
3.59E+14,24,8953,8551874
3.56E+14,30,6629,8547839
3.59E+14,29,8532,8520844
3.58E+14,22,10946,8496306
3.59E+14,31,4622,8469898
3.58E+14,27,3138,8440700
3.58E+14,26,7090,8440484
3.58E+14,27,11356,8431754
3.54E+14,54,6834,8426941
3.59E+14,31,8117,8392926
3.58E+14,27,9465,8381492
3.58E+14,27,2663,8360349
3.56E+14,25,4687,8348903
3.58E+14,23,10030,8344439
3.58E+14,26,6966,8344262
3.59E+14,27,5476,8341359
3.59E+14,28,9864,8272252
3.58E+14,25,9470,8231577
3.59E+14,47,75106,8176067
3.59E+14,24,8195,8173106
3.58E+14,23,5622,8163243
9.90E+14,56,21003,8161139
3.56E+14,28,4484,8154126
3.57E+14,49,8671,8099519
3.56E+14,29,5293,8076464
3.54E+14,53,11525,8062642
3.56E+14,26,5263,8036100
3.58E+14,24,7255,8022282
3.58E+14,26,7457,8020726
3.56E+14,24,7257,8001947
9.90E+14,33,7054,7965938
3.58E+14,23,5747,7906965
3.58E+14,28,12608,7903429
3.56E+14,24,4710,7873701
3.59E+14,27,5578,7833150
3.59E+14,24,6754,7830102
3.56E+14,22,8303,7785023
3.59E+14,23,9572,7765437
3.57E+14,49,22712,7753213
9.90E+14,52,14695,7705212
3.58E+14,40,15144,7697253
3.59E+14,26,8162,7671338
3.58E+14,27,5991,7663175
R52H1052R1D,32,6284,7651973
3.56E+14,23,8357,7649532
3.56E+14,37,21090,7633669
3.59E+14,24,10358,7618738
3.55E+14,36,2792,7612145
3.58E+14,27,3507,7574462
3.57E+14,48,35444,7559656
3.58E+14,51,11335,7544790
9.90E+14,29,16230,7542460
3.56E+14,26,3717,7541285
3.59E+14,24,7529,7540505
3.59E+14,29,7236,7501754
3.59E+14,28,7193,7497546
3.58E+14,28,4578,7486528
3.59E+14,25,6559,7482479
3.58E+14,26,19708,7470735
3.59E+14,25,6817,7458023
3.58E+14,26,5575,7407559
3.58E+14,21,2773,7375782
3.58E+14,23,5166,7370864
3.58E+14,28,4110,7349293
3.59E+14,32,8353,7323070
9.90E+14,31,4181,7314908
3.56E+14,24,6156,7280143
3.58E+14,22,9123,7262034
3.59E+14,23,8609,7250084
3.59E+14,22,6895,7231651
3.58E+14,30,11996,7226790
3.58E+14,24,9135,7210702
3.59E+14,23,7195,7203925
3.56E+14,28,6394,7177820
3.58E+14,26,10097,7161049
3.58E+14,26,3931,7152776
3.59E+14,24,6651,7151272
3.58E+14,23,2651,7112587
3.56E+14,24,1516,7097573
3.58E+14,57,33545,7087569
3.58E+14,43,10514,7082211
R52H1052T3K,34,5760,7051661
R52GC0Y0EHY,34,2782,6971651
3.58E+14,26,12073,6945275
3.58E+14,26,11674,6934190
3.57E+14,48,26734,6888858
3.54E+14,29,3163,6876000
3.54E+14,56,44431,6872681
3.58E+14,29,3880,6867704
3.56E+14,27,4404,6859037
3.59E+14,24,6242,6841685
3.59E+14,27,7637,6828197
3.59E+14,22,6197,6814038
3.56E+14,30,4177,6811060
3.58E+14,25,9323,6771662
3.58E+14,27,8773,6737596
3.56E+14,30,5036,6722702
3.59E+14,24,5909,6721264
3.56E+14,25,12906,6670609
3.58E+14,23,6553,6662748
3.56E+14,23,17588,6626439
3.58E+14,26,8432,6594500
3.56E+14,21,7068,6571459
3.58E+14,27,8169,6520094
3.58E+14,23,11637,6516980
3.57E+14,43,10475,6479135
3.58E+14,25,1889,6477393
3.59E+14,27,5101,6462068
3.58E+14,23,6968,6432745
3.58E+14,30,3878,6379866
9.90E+14,52,14029,6378917
3.59E+14,23,3597,6370419
3.58E+14,28,7200,6356540
3.58E+14,26,4986,6356269
3.58E+14,27,6250,6336132
3.59E+14,22,6019,6331850
R52H10L43QD,34,3660,6325840
3.58E+14,23,6192,6311472
3.56E+14,23,6795,6305064
3.58E+14,26,11136,6274455
3.58E+14,24,7416,6273148
3.58E+14,48,33242,6263305
3.59E+14,26,6962,6263213
R52F80KHYMV,40,6155,6227132
3.59E+14,28,7035,6218652
3.59E+14,22,6486,6192346
3.58E+14,27,6444,6180071
3.58E+14,27,5728,6166511
3.59E+14,24,8828,6159367
3.59E+14,21,7657,6149738
3.58E+14,26,6368,6145372
3.58E+14,26,7354,6122005
9.90E+14,37,5915,6119098
3.56E+14,24,4561,6108633
3.58E+14,25,7006,6101771
3.59E+14,30,1895,6097663
9.90E+14,35,3771,6074649
3.59E+14,28,8362,6070113
9.90E+14,36,3754,6060727
3.59E+14,27,6553,6057425
9.90E+14,44,17367,6031905
3.56E+14,25,10251,6012094
3.59E+14,23,7947,6009325
3.56E+14,22,9386,5986564
3.56E+14,26,6569,5976197
3.58E+14,26,7078,5924429
3.59E+14,24,4887,5899470
3.56E+14,40,26889,5891706
3.58E+14,23,3309,5889370
3.56E+14,40,16588,5888395
3.59E+14,20,7091,5872504
3.59E+14,21,6039,5863085
3.59E+14,22,7140,5861865
3.56E+14,39,14858,5839233
3.58E+14,30,12314,5832885
3.58E+14,26,8838,5832463
3.59E+14,24,8447,5823059
3.59E+14,23,7265,5788373
3.56E+14,31,5639,5767211
3.58E+14,28,8140,5756368
3.59E+14,23,7222,5744723
3.54E+14,37,3658,5741441
3.59E+14,51,13926,5715850
3.59E+14,23,6721,5709729
3.59E+14,22,7266,5671209
3.56E+14,28,7964,5656954
3.59E+14,26,5652,5649330
3.59E+14,29,11545,5622492
3.59E+14,23,4084,5614934
3.57E+14,41,14483,5601013
3.59E+14,29,6977,5596172
3.59E+14,26,9566,5589203
3.58E+14,27,4670,5575764
3.58E+14,26,8877,5570792
R52H10L491X,34,5394,5547177
9.90E+14,50,20839,5540211
3.58E+14,27,8248,5536037
3.57E+14,40,19690,5516036
3.58E+14,22,3628,5513711
3.56E+14,31,12498,5476984
3.59E+14,24,6592,5466450
3.54E+14,51,30783,5458680
3.56E+14,41,7741,5453109
3.58E+14,21,4049,5447444
3.59E+14,30,7425,5444082
3.59E+14,27,8443,5439617
3.58E+14,26,8298,5438477
3.55E+14,40,26620,5411899
9.90E+14,41,23892,5409720
3.58E+14,20,2942,5408215
3.58E+14,23,8679,5406362
3.58E+14,41,44562,5401625
3.58E+14,28,6798,5399893
R52H1052RCW,34,3376,5396203
3.56E+14,25,8067,5390358
3.59E+14,20,7433,5382487
3.58E+14,26,6692,5361985
3.58E+14,26,11234,5341004
3.58E+14,29,10749,5332042
3.59E+14,25,7733,5329305
3.58E+14,26,8198,5328932
3.56E+14,24,7687,5325854
3.58E+14,24,6729,5316004
3.59E+14,20,8447,5313539
3.56E+14,23,4151,5303846
3.59E+14,31,6331,5303798
3.59E+14,22,5879,5274533
3.58E+14,27,6796,5269831
3.55E+14,30,3516,5260243
3.56E+14,28,4417,5256120
3.59E+14,31,5255,5254763
3.59E+14,27,4687,5250445
3.58E+14,26,7722,5236151
3.59E+14,49,27518,5233562
3.52E+14,25,25598,5217780
9.90E+14,32,5232,5200771
3.59E+14,23,8501,5186504
3.56E+14,23,3014,5184843
3.58E+14,25,6280,5173409
3.59E+14,28,6424,5166719
3.54E+14,25,3344,5162096
3.58E+14,26,13194,5156868
3.59E+14,22,6894,5156046
3.56E+14,26,3865,5155821
9.90E+14,36,6160,5151160
3.56E+14,32,7787,5149335
3.54E+14,48,21810,5146130
3.54E+14,40,4630,5119339
3.54E+14,41,6143,5115301
3.59E+14,22,6069,5107430
3.58E+14,28,9906,5103961
3.59E+14,27,6232,5092371
3.56E+14,27,1490,5088060
3.58E+14,24,7684,5087594
3.59E+14,23,8544,5085778
3.58E+14,26,9740,5080649
9.90E+14,49,29583,5077048
3.54E+14,37,3338,5076765
3.56E+14,26,4217,5060387
3.59E+14,20,5422,5021201
3.59E+14,27,6755,5019432
3.58E+14,24,6886,5011260
3.56E+14,34,2829,4998952
3.59E+14,22,6403,4998640
3.58E+14,25,9445,4989240
3.59E+14,24,5981,4944418
3.59E+14,26,8872,4931459
3.58E+14,39,4965,4922336
R52GC0Y0BQW,28,6560,4909057
3.58E+14,28,4159,4908241
R52GC0Y0GAL,34,3661,4906961
3.58E+14,40,12376,4905282
3.59E+14,26,6483,4899630
3.59E+14,29,4732,4887520
3.58E+14,29,3072,4877800
3.54E+14,49,5792,4872664
3.59E+14,23,5329,4871849
3.58E+14,24,3038,4834113
3.59E+14,53,67553,4793691
3.56E+14,29,5923,4763187
3.56E+14,28,8256,4746778
3.58E+14,25,14245,4740343
9.90E+14,52,21253,4737918
3.59E+14,24,5965,4708715
3.59E+14,30,5862,4667786
3.58E+14,26,8008,4650110
3.58E+14,26,9361,4648845
3.55E+14,34,2650,4619566
3.59E+14,22,6369,4612208
3.58E+14,26,10029,4599945
3.58E+14,26,7398,4575182
3.57E+14,44,14211,4563202
3.59E+14,29,5620,4551985
R52GC0Y0LFX,31,2455,4549204
3.58E+14,25,2057,4548777
3.59E+14,24,5220,4520969
3.59E+14,28,10677,4500696
3.59E+14,30,4538,4489364
3.59E+14,29,6875,4464664
3.59E+14,31,7490,4451266
3.54E+14,45,60114,4438972
3.58E+14,22,3246,4436453
3.58E+14,27,9045,4431310
3.59E+14,24,6335,4424965
3.54E+14,26,3456,4422023
3.59E+14,20,6479,4409093
3.59E+14,25,5333,4403911
3.59E+14,22,6881,4391947
3.58E+14,26,6866,4390413
3.58E+14,27,15111,4383611
3.58E+14,23,3021,4379187
3.58E+14,30,2865,4375643
3.59E+14,30,6972,4371027
3.59E+14,23,8231,4365476
3.58E+14,26,7060,4357817
3.56E+14,22,5315,4336325
3.57E+14,43,32228,4322555
3.56E+14,27,6464,4314023
3.54E+14,35,2895,4308960
3.58E+14,26,9465,4306346
9.90E+14,46,12325,4295025
3.59E+14,24,4536,4282007
3.59E+14,24,5047,4272295
3.55E+14,41,16158,4269069
3.56E+14,27,6357,4252773
3.58E+14,22,6916,4227678
3.58E+14,27,8105,4227269
3.59E+14,30,6023,4221930
3.59E+14,23,4655,4218774
3.59E+14,26,4737,4202523
3.57E+14,47,32615,4193624
3.58E+14,31,2995,4168763
9.90E+14,44,60487,4167791
3.56E+14,25,2134,4164475
3.58E+14,27,7618,4161844
3.56E+14,26,8252,4158978
3.58E+14,24,14993,4158493
3.58E+14,21,5690,4154506
3.55E+14,34,2460,4151593
3.58E+14,25,5773,4151176
3.59E+14,24,4854,4142265
3.59E+14,23,7664,4142205
3.59E+14,23,9668,4139605
R52GA205RHF,34,2200,4137704
3.59E+14,29,7061,4136603
3.56E+14,26,10084,4135911
9.90E+14,43,19090,4134967
3.56E+14,31,4412,4102208
3.56E+14,24,4736,4083833
3.58E+14,23,5275,4080453
3.58E+14,25,1565,4053935
3.59E+14,27,7638,4052802
3.59E+14,23,6386,4049574
3.56E+14,24,9482,4044653
3.56E+14,28,2823,4040764
3.59E+14,27,5984,4020234
9.90E+14,44,22961,4018345
3.56E+14,41,11720,4014613
3.56E+14,29,8182,4006476
3.58E+14,26,13743,4005962
3.58E+14,26,9405,3994690
3.59E+14,27,4167,3989927
3.59E+14,27,5826,3988184
3.58E+14,25,11043,3988094
3.58E+14,28,7634,3961323
3.59E+14,24,4045,3961220
9.90E+14,26,17682,3957608
R52GC0Y0DNE,34,7881,3949138
3.59E+14,30,5358,3947658
3.58E+14,25,8155,3947207
3.59E+14,25,5997,3945640
3.59E+14,26,2351,3943552
3.59E+14,24,5602,3941860
3.58E+14,38,12030,3940697
3.56E+14,27,7497,3940413
3.56E+14,26,4441,3937584
3.56E+14,26,5394,3923604
3.56E+14,24,5776,3911648
3.56E+14,26,17034,3904611
3.59E+14,21,5185,3896486
3.58E+14,24,5529,3891546
3.55E+14,31,1331,3877017
3.59E+14,28,2993,3874117
3.59E+14,29,6919,3870898
9.90E+14,33,3072,3861474
3.54E+14,37,2521,3837324
9.90E+14,43,49497,3794174
3.59E+14,31,5007,3764175
3.57E+14,35,27154,3751617
3.56E+14,27,2170,3733975
3.58E+14,27,16293,3732606
3.59E+14,26,4234,3705790
3.58E+14,25,8770,3704164
3.59E+14,24,7258,3677621
3.55E+14,38,4316,3665326
3.56E+14,23,11479,3658181
3.55E+14,35,1931,3655140
3.59E+14,23,3853,3653219
3.59E+14,30,5974,3644107
3.58E+14,28,17598,3634333
3.58E+14,27,9184,3627920
3.58E+14,31,1970,3627260
3.56E+14,21,1843,3618778
3.58E+14,27,3608,3607258
3.56E+14,25,11181,3589298
3.58E+14,23,1334,3568965
3.59E+14,26,5125,3567536
3.59E+14,23,5748,3557038
3.58E+14,31,7776,3552163
3.55E+14,41,16202,3545497
3.58E+14,31,1235,3537494
3.59E+14,23,5433,3531491
3.58E+14,26,8141,3523075
3.56E+14,29,3801,3520130
3.54E+14,37,2931,3510492
R52H1052R3T,33,2936,3508250
3.58E+14,22,6302,3502088
3.59E+14,26,6903,3494156
R52GC0Y0HAF,34,4049,3489983
3.54E+14,31,2217,3485710
R52H10L433J,34,3030,3483905
3.58E+14,28,9337,3463633
3.58E+14,39,16770,3453972
9.90E+14,34,2613,3451332
3.58E+14,28,6626,3444802
3.59E+14,25,6573,3440552
3.59E+14,25,7316,3440511
3.59E+14,28,6431,3440354
3.58E+14,25,7963,3440104
3.59E+14,23,4797,3435899
3.59E+14,24,5517,3433489
3.58E+14,28,13000,3407667
9.90E+14,35,5275,3406896
3.59E+14,24,5932,3398479
3.55E+14,37,46718,3391274
3.59E+14,23,5421,3379357
3.59E+14,23,3140,3375818
3.58E+14,26,3288,3375374
3.58E+14,24,7825,3356484
3.59E+14,27,4921,3344758
3.54E+14,47,7207,3323016
R52F80KJ30N,43,2083,3315704
3.59E+14,22,6554,3306261
3.58E+14,25,7467,3304841
3.59E+14,23,4018,3303252
3.59E+14,25,6745,3288861
3.59E+14,23,7496,3288136
3.56E+14,24,2472,3286791
3.59E+14,29,6264,3282913
R52H10L441Z,34,2374,3255344
3.56E+14,28,2852,3238703
3.54E+14,30,2068,3222114
3.58E+14,26,8851,3221478
R52GC0Y0KHD,32,2905,3220754
3.58E+14,30,8802,3204126
3.56E+14,24,3678,3203793
3.59E+14,25,4679,3194074
3.59E+14,27,5310,3192757
3.58E+14,27,11320,3179408
3.58E+14,29,4346,3172441
3.58E+14,32,5713,3169198
R52F80KHXRF,33,6373,3159380
3.59E+14,28,2161,3156520
3.57E+14,49,17635,3141188
3.59E+14,28,6275,3137098
3.58E+14,24,8864,3128601
3.58E+14,25,7225,3124802
3.59E+14,28,6868,3120116
3.57E+14,41,30316,3111379
9.90E+14,35,909,3105793
3.55E+14,30,2865,3085365
3.59E+14,22,6817,3085357
3.59E+14,24,7092,3084930
3.59E+14,32,3459,3080079
3.59E+14,23,4740,3077001
3.58E+14,27,20832,3076729
3.58E+14,25,12021,3064627
3.59E+14,29,3726,3059250
3.56E+14,27,3727,3033037
3.58E+14,26,5808,3027436
9.90E+14,35,2602,3026207
3.58E+14,23,13171,3000710
3.59E+14,20,6903,2993022
3.56E+14,25,6202,2988629
3.58E+14,27,5406,2986203
3.59E+14,31,8198,2984479
3.55E+14,33,3428,2978711
3.59E+14,30,5504,2971425
R52H10L44MN,28,2219,2967774
3.59E+14,26,4924,2963222
3.58E+14,25,4303,2956660
3.58E+14,23,3526,2954152
3.59E+14,23,5416,2940349
3.59E+14,22,7190,2927335
3.56E+14,27,11681,2916717
R52GC0Y0QTX,34,3338,2907012
3.58E+14,28,3884,2888905
3.58E+14,25,8549,2868225
3.58E+14,25,10048,2859253
3.58E+14,26,5043,2852602
R52H10L48CW,33,2617,2836604
3.54E+14,35,1753,2827383
3.58E+14,28,9575,2824099
3.55E+14,39,33862,2809061
3.59E+14,22,2898,2807564
3.59E+14,29,7753,2806247
9.90E+14,36,2572,2793459
3.59E+14,23,5399,2787156
3.58E+14,30,4039,2782711
3.59E+14,22,6818,2776896
3.58E+14,25,8817,2769073
3.58E+14,24,3393,2750489
3.54E+14,47,22788,2738114
3.59E+14,23,5237,2732707
3.59E+14,25,5391,2729795
3.59E+14,23,4763,2714311
3.59E+14,24,9245,2709181
3.58E+14,28,9671,2696946
3.59E+14,27,4586,2685530
3.59E+14,22,5249,2655835
3.59E+14,26,9009,2637858
3.56E+14,24,14396,2632007
3.59E+14,27,5722,2631054
3.59E+14,22,4196,2629595
R52GC0Y0HZL,34,1735,2601000
3.58E+14,25,15162,2592250
3.59E+14,22,6908,2590141
3.58E+14,21,5141,2579792
9.90E+14,35,1332,2566370
3.59E+14,26,8632,2558219
3.59E+14,22,5390,2547708
3.58E+14,26,8193,2542952
3.58E+14,26,17606,2542921
3.59E+14,22,7600,2541562
3.58E+14,20,6216,2537101
3.59E+14,22,7330,2532451
3.54E+14,34,1649,2530971
3.59E+14,25,4433,2527829
3.55E+14,32,1905,2500245
3.59E+14,23,5246,2496372
3.56E+14,24,5774,2488794
3.58E+14,23,9180,2486144
3.58E+14,27,6430,2484700
3.59E+14,27,7655,2480681
3.56E+14,22,4418,2465436
3.59E+14,29,6831,2465383
3.59E+14,32,5907,2459688
3.58E+14,24,5617,2440257
3.58E+14,26,13377,2440023
3.59E+14,28,6863,2431470
9.90E+14,36,2171,2429995
3.54E+14,36,3490,2425261
3.56E+14,31,2580,2423145
9.90E+14,61,8511,2422257
3.59E+14,28,5109,2417143
3.59E+14,21,5358,2412659
3.54E+14,25,1780,2390318
3.59E+14,32,6105,2364807
3.58E+14,21,8191,2364134
3.58E+14,26,6944,2363372
3.59E+14,29,5589,2363292
3.58E+14,41,1730,2361159
3.59E+14,24,3958,2353369
R52GC08EGPE,33,1468,2347603
3.58E+14,27,6699,2347236
3.59E+14,28,4178,2334221
9.90E+14,35,2582,2326157
3.59E+14,24,6664,2325850
3.58E+14,25,6134,2321345
3.58E+14,31,2901,2302281
3.59E+14,23,4645,2300742
3.54E+14,37,2455,2300400
3.53E+14,38,21373,2288995
3.59E+14,24,3663,2281261
3.59E+14,25,5562,2280696
3.55E+14,29,29120,2277508
3.58E+14,22,5638,2274899
3.58E+14,27,6494,2274751
3.59E+14,23,7887,2272378
3.58E+14,27,21191,2267879
3.59E+14,19,5058,2267401
3.58E+14,28,4555,2262258
3.58E+14,40,25983,2255485
3.56E+14,24,1332,2248718
3.56E+14,25,6875,2245782
3.54E+14,39,5271,2245541
3.58E+14,28,10832,2244807
3.58E+14,24,1026,2244671
3.59E+14,23,5982,2243733
3.58E+14,20,3237,2239704
3.57E+14,48,1639,2236479
3.58E+14,26,9507,2215241
3.59E+14,27,3217,2210693
3.56E+14,39,19451,2205937
3.59E+14,23,7349,2202371
3.58E+14,30,2462,2196969
3.58E+14,27,10304,2193725
3.59E+14,32,3651,2184891
3.56E+14,40,15413,2173851
3.58E+14,29,4361,2170525
3.58E+14,26,13123,2166288
3.59E+14,28,3713,2165615
3.56E+14,26,2302,2164075
3.56E+14,24,4297,2155972
9.90E+14,53,16830,2154436
3.58E+14,24,9856,2152079
3.58E+14,35,55843,2136054
3.59E+14,28,3194,2130527
3.58E+14,28,10807,2126049
3.56E+14,27,2077,2121172
3.59E+14,31,3846,2118857
3.59E+14,28,4464,2118771
3.59E+14,31,7596,2118173
3.56E+14,27,5419,2106677
R52H10L440W,34,2153,2106308
3.59E+14,28,7021,2102780
3.59E+14,23,4409,2101123
3.58E+14,60,40794,2096589
3.58E+14,26,22805,2088852
3.58E+14,26,3193,2088349
3.56E+14,41,13416,2087108
3.56E+14,20,7492,2075207
3.58E+14,41,17234,2067479
3.58E+14,26,10047,2066979
3.56E+14,22,2406,2063660
3.58E+14,26,5541,2058629
3.59E+14,24,3338,2055911
3.59E+14,22,3990,2055807
3.59E+14,22,3073,2050745
3.59E+14,22,5818,2049267
3.58E+14,40,42825,2039409
3.59E+14,31,3926,2038669
3.56E+14,22,6022,2035655
9.90E+14,33,2286,2035541
3.59E+14,23,3413,2028742
3.59E+14,23,7415,2027884
3.59E+14,24,2568,2019177
3.56E+14,26,8910,2018251
3.58E+14,26,9583,2010145
3.55E+14,42,15571,2006527
3.54E+14,36,22013,2006391
3.59E+14,29,5760,1982064
9.90E+14,35,2286,1981543
3.58E+14,27,7616,1975544
3.58E+14,26,8615,1974840
3.59E+14,29,4850,1973688
3.59E+14,27,4136,1973149
3.59E+14,27,3645,1962245
3.59E+14,27,5223,1958232
3.54E+14,37,2254,1948219
3.59E+14,23,7387,1947280
9.90E+14,49,5829,1934577
3.56E+14,28,5838,1931050
3.59E+14,25,5354,1925489
3.54E+14,20,1865,1913906
3.57E+14,51,19284,1912857
3.54E+14,33,5315,1911131
3.58E+14,22,2157,1910825
3.55E+14,40,38441,1899313
3.58E+14,36,19609,1893512
3.58E+14,25,4080,1883879
3.56E+14,30,10140,1879874
3.59E+14,23,6975,1877905
3.59E+14,24,7149,1871487
3.55E+14,34,1515,1870810
3.58E+14,24,5898,1861711
3.54E+14,48,16717,1860932
3.53E+14,46,14838,1856711
3.59E+14,23,10955,1856614
3.58E+14,24,11244,1852023
3.58E+14,26,4923,1840528
3.58E+14,30,11441,1839957
3.59E+14,24,7111,1837654
R52GC0Y0DCR,33,1639,1829661
9.90E+14,58,2533,1829390
3.58E+14,30,2765,1828379
3.59E+14,27,7226,1819781
9.90E+14,51,5441,1818808
3.59E+14,22,5658,1810237
3.59E+14,22,5641,1809627
3.57E+14,40,37795,1808774
3.59E+14,30,6199,1800107
R52H10L43PB,33,2414,1786713
3.59E+14,23,3624,1776128
3.57E+14,49,14584,1773476
R52GC0Y0H5R,32,3250,1773229
3.58E+14,21,1587,1768916
3.56E+14,27,3585,1760299
3.58E+14,26,4557,1749727
3.58E+14,22,1840,1747193
3.58E+14,28,8267,1736658
3.58E+14,24,3580,1724843
3.59E+14,22,4555,1716257
3.56E+14,48,5313,1699758
3.59E+14,29,7407,1694242
3.58E+14,26,8051,1687465
3.55E+14,34,1643,1680986
3.54E+14,43,3278,1680836
3.58E+14,24,6588,1673147
3.58E+14,25,6875,1672849
3.57E+14,40,25359,1652574
3.59E+14,22,3442,1652142
3.58E+14,27,5579,1639395
3.58E+14,26,13535,1617335
3.59E+14,29,3835,1609742
9.90E+14,58,12214,1603636
3.55E+14,34,1115,1603521
9.90E+14,35,1684,1600790
3.58E+14,26,10140,1589516
R52H10L44DL,34,4186,1580195
3.58E+14,24,675,1578119
3.59E+14,28,3677,1576820
9.90E+14,34,928,1574299
3.59E+14,24,7590,1571646
3.54E+14,37,900,1566532
3.59E+14,29,3350,1560516
3.58E+14,24,6805,1553139
3.58E+14,29,2482,1547257
3.56E+14,29,927,1541269
3.56E+14,28,7892,1527332
3.56E+14,30,9276,1524516
3.58E+14,26,18830,1515205
3.59E+14,30,8453,1513964
3.55E+14,41,35775,1509793
3.58E+14,26,3593,1506107
3.58E+14,27,17075,1487058
3.58E+14,28,6853,1481844
3.59E+14,27,4559,1477856
3.53E+14,39,15948,1476306
3.58E+14,27,5161,1474101
3.58E+14,30,4057,1463780
3.58E+14,18,6717,1462253
3.58E+14,27,5787,1458831
3.59E+14,30,6098,1458395
3.59E+14,29,7335,1456770
3.58E+14,28,3844,1450278
9.90E+14,33,3431,1442884
3.58E+14,22,8482,1429456
3.59E+14,23,5066,1425476
3.58E+14,27,6616,1415823
3.59E+14,28,3830,1411520
R52GA240TPB,34,1236,1409447
3.58E+14,41,40303,1402843
3.59E+14,22,6505,1395867
3.58E+14,40,1986,1391477
R52GC0Y0BNA,33,1948,1385636
3.58E+14,30,17267,1378231
3.54E+14,31,2929,1369442
3.56E+14,22,11036,1365640
3.59E+14,24,4620,1362734
3.58E+14,30,8341,1356385
3.59E+14,28,1858,1353738
3.59E+14,29,3573,1349262
3.59E+14,28,4179,1341016
3.55E+14,31,1928,1339767
3.58E+14,21,9759,1330439
3.55E+14,32,1909,1328953
9.90E+14,50,1376,1328799
9.90E+14,35,1726,1321647
3.58E+14,26,6232,1318039
3.58E+14,25,5319,1308086
3.54E+14,37,730,1306568
9.90E+14,33,2262,1301658
3.58E+14,27,8377,1299554
3.55E+14,30,1799,1297598
9.90E+14,53,16652,1292342
3.54E+14,37,858,1282624
9.90E+14,25,2498,1279536
3.58E+14,22,3413,1252861
3.58E+14,29,10188,1247825
3.58E+14,26,1145,1245314
3.59E+14,25,7191,1244321
3.59E+14,26,5317,1235803
3.55E+14,32,1354,1231653
3.58E+14,26,5988,1214089
3.58E+14,30,821,1208104
9.90E+14,32,1837,1206038
3.59E+14,28,7283,1205611
9.90E+14,45,3911,1199896
3.59E+14,23,5134,1197244
3.59E+14,23,3601,1195053
3.56E+14,19,2348,1194907
3.56E+14,29,3927,1188508
3.59E+14,33,6825,1185939
3.58E+14,23,4385,1169246
3.53E+14,27,1470,1158746
3.59E+14,60,23054,1152344
3.58E+14,28,724,1145755
R52H10L454Z,34,1141,1140858
3.56E+14,27,4636,1135244
3.56E+14,26,8927,1133182
R52H1052W5W,34,1626,1131400
3.56E+14,23,1203,1130536
3.59E+14,23,4791,1120012
3.58E+14,24,6801,1116832
9.90E+14,41,11736,1113870
3.59E+14,29,5947,1107071
9.90E+14,40,12121,1105438
3.58E+14,26,6087,1097843
3.58E+14,24,7094,1089112
3.55E+14,34,1626,1087058
3.56E+14,26,990,1059710
3.59E+14,25,5363,1053576
3.58E+14,29,6074,1049997
3.56E+14,21,8913,1044142
3.56E+14,26,573,1035784
3.58E+14,29,1683,1035271
3.58E+14,23,7825,1030117
3.58E+14,25,9979,1027567
3.56E+14,41,868,1027305
3.58E+14,34,20500,1013125
3.54E+14,50,6635,1009801
3.55E+14,35,5653,1003704
3.56E+14,27,3315,998339
3.55E+14,28,1835,998101
3.57E+14,20,877,993899
3.58E+14,27,8058,988632
R52F70QFFHP,35,1876,978967
3.58E+14,28,2912,974106
R52H1052R5R,34,572,971123
3.58E+14,27,3989,968295
3.59E+14,23,6843,963664
3.59E+14,29,3354,961342
3.57E+14,41,9850,959971
3.58E+14,29,2418,959443
R52GC0Y0FBK,34,7502,955615
3.59E+14,29,4953,948030
3.58E+14,27,4214,947924
3.54E+14,59,28814,946340
3.56E+14,25,7455,945379
3.58E+14,27,2575,941187
3.58E+14,26,3822,927730
3.59E+14,26,2753,926180
3.59E+14,28,7519,924495
9.90E+14,34,3420,919938
R52GC0Y0N5M,35,941,909205
R52H107WQBT,32,1202,909033
R52GC0Y0KME,33,1445,904026
3.58E+14,22,709,902383
3.56E+14,23,1596,900908
3.59E+14,22,6296,898804
3.58E+14,35,1992,896038
3.59E+14,23,5198,890599
3.59E+14,43,22902,890252
3.57E+14,45,27143,888131
3.58E+14,25,5282,885275
9.90E+14,35,1250,883584
9.90E+14,40,7831,881017
3.59E+14,28,7707,879208
3.59E+14,19,8073,878309
3.58E+14,26,10360,874664
3.58E+14,23,1565,872054
3.58E+14,28,7465,871807
3.56E+14,25,4226,869223
3.59E+14,22,5481,866974
R52H10L44LZ,34,640,865308
3.54E+14,57,82663,864266
3.56E+14,24,6075,859912
3.58E+14,59,65220,853708
3.59E+14,26,3242,850328
3.54E+14,30,2455,845681
9.90E+14,48,17686,843201
3.59E+14,24,6264,839567
3.59E+14,24,685,838879
3.59E+14,25,5374,835853
3.58E+14,26,4623,829038
3.58E+14,28,5777,822038
3.55E+14,30,941,819139
3.59E+14,26,4946,806007
3.58E+14,27,12639,804241
3.56E+14,24,1058,804135
3.59E+14,22,5280,803503
3.55E+14,24,654,802045
3.58E+14,26,5006,799953
R52H10L43HZ,34,744,795400
3.58E+14,33,11904,786558
3.56E+14,21,12203,786208
3.59E+14,30,2310,778231
3.59E+14,21,3459,777936
3.59E+14,25,7502,748939
3.58E+14,26,6615,747832
3.56E+14,29,8701,743705
3.55E+14,36,1061,743113
3.58E+14,26,1070,740422
3.58E+14,25,441,739591
dff4e00,58,908,734614
3.58E+14,30,5274,732656
3.58E+14,25,2614,725012
3.58E+14,26,7933,720026
9.90E+14,52,8896,714216
3.54E+14,37,699,712947
3.59E+14,23,5214,706872
3.58E+14,24,5043,700923
R52H1052SCV,34,1497,698347
3.58E+14,25,11035,694355
3.59E+14,26,1986,693844
3.54E+14,37,541,682038
3.59E+14,22,7204,670980
3.54E+14,37,344,670868
9.90E+14,51,30844,670684
9.90E+14,48,12580,666219
3.59E+14,64,4124,661737
3.59E+14,32,7251,658168
3.56E+14,24,490,656449
3.59E+14,30,5818,655737
3.57E+14,48,36743,651169
3.56E+14,24,6146,650497
3.56E+14,24,4066,644942
3.59E+14,22,5025,644504
3.58E+14,26,1907,642704
3.58E+14,25,7428,642242
R52H10L42NH,34,1699,627767
3.56E+14,25,8796,627743
3.59E+14,26,4951,621251
3.56E+14,26,628,619719
3.58E+14,27,18415,613062
3.59E+14,24,6093,611041
3.59E+14,28,6371,609992
3.59E+14,28,5579,606982
3.58E+14,19,3292,606529
3.56E+14,30,1650,604855
3.54E+14,59,25259,602579
3.58E+14,24,9849,601788
9.90E+14,37,1497,601704
3.58E+14,26,2227,599699
9.90E+14,35,1314,592002
3.59E+14,23,3769,588614
3.58E+14,21,2436,587572
3.56E+14,21,11026,581977
3.59E+14,22,6372,581630
3.58E+14,24,3271,573687
3.58E+14,45,36375,571857
9.90E+14,51,7544,569112
9.90E+14,38,22591,568216
R52GA2061BE,33,1950,563668
3.59E+14,28,4914,561004
R52GC0Y0E0M,34,1410,560704
3.58E+14,25,1921,559385
3.59E+14,27,6528,557607
3.56E+14,28,5632,557131
3.58E+14,26,3269,553433
3.58E+14,28,6495,550413
3.59E+14,27,4158,549162
R52F80KHYAK,40,5897,546309
3.55E+14,37,26719,542241
9.90E+14,34,2451,537266
3.58E+14,26,8930,537045
9c56344,57,1885,535102
3.59E+14,24,4794,533268
3.58E+14,25,7421,529897
R52H10L42EZ,33,979,529179
3.58E+14,24,7727,526432
3.58E+14,42,3014,526364
3.58E+14,25,2028,525231
3.56E+14,30,5117,522323
R52GC0Y0K9B,34,1598,520317
3.58E+14,23,5842,511632
3.57E+14,46,12997,510876
3.59E+14,28,4003,503247
3.59E+14,52,54841,500873
3.59E+14,29,3763,497727
3.59E+14,31,7511,483827
3.59E+14,21,2547,480307
3.59E+14,23,5927,474570
3.58E+14,29,993,473961
3.58E+14,23,12324,473489
3.58E+14,30,38266,473144
3.58E+14,27,1939,470084
3.56E+14,22,6907,468374
3.58E+14,20,670,463404
3.54E+14,39,2060,461190
3.58E+14,25,6054,460479
3.58E+14,21,5438,450080
3.58E+14,28,1830,443891
3.59E+14,26,6379,440331
3.58E+14,21,424,439709
3.59E+14,25,1169,435051
3.56E+14,27,4985,434353
3.59E+14,27,6540,426198
9.90E+14,49,17216,423784
9.90E+14,41,6956,422916
9.90E+14,35,1166,416826
3.58E+14,27,13208,416742
3.59E+14,29,2542,411820
3.59E+14,23,4242,410611
3.58E+14,23,2578,406362
3.59E+14,39,37683,399990
3.56E+14,25,3222,399240
3.58E+14,25,9887,398319
9.90E+14,34,1709,397627
3.58E+14,27,4808,395903
3.58E+14,27,1248,389371
3.59E+14,22,2073,386224
9.90E+14,33,2214,385585
R52GC0Y0P5X,34,4292,382379
9.90E+14,32,626,382348
d7163a0,57,961,381805
3.59E+14,24,3530,381715
3.59E+14,30,5046,380061
R52GC0Y0Q2H,34,609,376280
3.58E+14,26,11387,376081
R52H10L451Y,34,1461,371066
9.90E+14,48,2051,366883
9.90E+14,32,1518,366502
3.58E+14,42,30372,361595
3.59E+14,29,2465,361130
R52GC0Y0G5T,34,1079,356431
3.58E+14,24,9921,355142
9.90E+14,57,4263,351649
R52GC0Y0J5A,34,817,350060
3.56E+14,29,9123,349655
3.57E+14,45,29152,348134
R52H10L41TY,36,406,346613
3.59E+14,28,908,340954
3.56E+14,23,911,336923
3.58E+14,25,10755,334445
R52GC0Y0BAM,34,1168,334153
R52H10L470T,33,767,333750
3.58E+14,24,9712,329124
3.58E+14,24,341,327854
R52GC10XWAZ,33,549,326525
3.58E+14,24,2603,326487
3.54E+14,37,479,324029
R52GC0Y0CEF,35,1020,323919
3.59E+14,28,5578,321226
3.59E+14,28,5847,318398
R52H10L43EY,34,1338,317665
R52H10L446J,34,603,315760
3.57E+14,46,11894,315223
3.56E+14,27,12268,313452
3.57E+14,46,27676,312968
3.59E+14,22,1454,309587
3.58E+14,25,2198,305718
3.59E+14,30,6108,305388
3.58E+14,28,2669,303238
3.58E+14,27,5898,300875
3.58E+14,28,5791,299377
3.58E+14,27,6638,298266
3.58E+14,26,733,297094
9.90E+14,37,429,296838
3.54E+14,42,23725,296721
3.58E+14,20,6549,296515
3.59E+14,24,6678,295796
3.56E+14,22,6318,294933
3.58E+14,26,9343,292555
3.59E+14,30,4075,292187
3.59E+14,25,4280,287529
3.54E+14,38,383,286705
3.59E+14,26,2260,284746
R52H10L48QR,34,1961,283814
3.54E+14,39,1406,282986
3.58E+14,39,10772,281588
3.59E+14,25,6051,278749
3.58E+14,27,342,275107
3.59E+14,22,5621,274084
3.54E+14,56,18580,271450
R52GC10XH5R,34,1600,269290
3.58E+14,28,4496,266607
3.58E+14,23,15084,265485
3.58E+14,25,439,264141
3.58E+14,26,6833,263140
3.59E+14,21,3278,262904
3.57E+14,50,33411,262461
R52H10L483T,33,425,259986
3.59E+14,29,5481,259300
3.56E+14,23,7876,257447
3.59E+14,23,5586,257156
3.58E+14,29,288,255640
3.59E+14,27,5271,253737
3.58E+14,26,4299,253057
9.90E+14,35,1381,252817
3.56E+14,26,1525,250379
R52H1052RRL,33,463,249507
3.55E+14,31,47276,248034
3.59E+14,24,2140,246886
3.59E+14,19,5223,241018
R52GC10XHNB,27,834,238411
3.57E+14,49,5452,237072
3.54E+14,41,666,235291
3.56E+14,28,322,232751
3.58E+14,26,3572,231106
9.90E+14,38,11173,229794
3.59E+14,26,989,227620
3.58E+14,29,10801,227191
R52H10L434B,33,2264,225498
3.59E+14,26,3720,225406
3.59E+14,22,1538,223174
3.54E+14,35,900,220931
3.54E+14,40,1296,215870
9.90E+14,35,1205,209320
9.90E+14,33,678,209292
3.58E+14,26,5669,202850
R52GC0Y0P9F,32,1546,202805
3.54E+14,37,475,200675
3.58E+14,21,829,198958
3.58E+14,24,1764,197997
3.55E+14,39,13060,196967
3.59E+14,33,6516,196336
3.56E+14,28,1054,195970
3.56E+14,29,5993,192502
RF2D910ZC8M,49,969,190563
3.58E+14,25,7435,189013
3.58E+14,25,4151,188497
R52H10L47MR,35,4040,187025
3.56E+14,32,6212,187019
3.60E+14,33,10137,184178
9.90E+14,57,1189,183578
3.58E+14,28,6051,181697
3.56E+14,29,352,180512
3.58E+14,26,3255,177316
9.90E+14,38,15198,177285
3.58E+14,26,9386,177027
9.90E+14,35,1020,172197
3.56E+14,18,528,169002
3.59E+14,30,3153,167690
3.58E+14,27,7204,166600
3.56E+14,26,573,165804
3.55E+14,34,860,165753
3.54E+14,58,15516,163251
3.58E+14,20,13615,162290
R52H10L42GM,35,1025,162242
9.90E+14,36,316,162043
3.59E+14,22,2036,160289
3.54E+14,33,706,159968
3.59E+14,22,6057,159034
RF2F21RY5TP,42,521,157618
3.57E+14,48,1035,153711
3.59E+14,29,1724,153151
409f4f2b,45,684,152884
R52GC0Y0PNW,34,881,151983
3.58E+14,26,2813,149082
3.56E+14,25,3578,148477
3.58E+14,20,4746,148443
3.59E+14,28,450,147748
9.90E+14,35,312,147210
9.90E+14,35,714,146155
3.58E+14,26,7473,145593
3.58E+14,23,11499,144757
3.58E+14,39,2226,144270
3.58E+14,27,11158,143543
3.59E+14,22,1665,143239
9.90E+14,35,1941,142067
R52GC0Y0R8B,33,1298,141382
R52GC0Y0F5D,34,375,141066
R52H10L484P,34,1355,139731
R52GC0Y0QNN,34,808,136989
3.56E+14,29,8681,136808
3.58E+14,23,808,136783
3.58E+14,26,376,134798
3.56E+14,27,6767,134625
3.59E+14,26,2102,133599
3.59E+14,24,1838,132630
3.58E+14,25,443,131321
3.55E+14,32,217,130388
3.56E+14,28,1723,127711
R52GC0Y0G0B,33,728,127225
9.90E+14,46,19939,126961
3.58E+14,26,19308,126833
3.54E+14,50,16550,125783
3.55E+14,34,300,124188
3.58E+14,26,11111,122055
3.58E+14,25,9943,121857
3.59E+14,57,2068,121593
3.58E+14,29,2929,121279
9.90E+14,43,64883,119621
3.58E+14,28,3483,118907
3.58E+14,41,14255,117765
3.58E+14,28,412,111565
3.54E+14,57,1796,111385
R52GC0Y0Q8X,34,661,108637
3.59E+14,31,4447,107856
9.90E+14,57,8722,107092
9.90E+14,34,4374,103092
9.90E+14,34,533,102558
3.53E+14,38,489,102537
3.59E+14,29,4820,101603
3.58E+14,27,5368,98429
3.58E+14,21,8233,97039
3.59E+14,30,6061,96521
3.55E+14,34,676,95956
9.90E+14,43,12235,95122
3.56E+14,23,2157,94330
3.53E+14,30,303,92211
9.90E+14,49,16800,91652
3.54E+14,37,14982,91443
3.55E+14,27,38911,89554
3.55E+14,33,161,89390
9.90E+14,35,1210,86613
3.56E+14,26,1832,85729
3.54E+14,31,287,85387
3.59E+14,26,3142,84129
9.90E+14,57,18348,83277
9.90E+14,35,3449,81804
R52GC08EGSV,34,1101,81169
3.58E+14,23,376,81128
3.57E+14,38,8935,81087
3.58E+14,22,8194,79727
3.58E+14,25,2310,77876
9.90E+14,47,8682,76173
3.58E+14,25,7213,74916
3.56E+14,29,894,74664
3.55E+14,34,770,74055
3.58E+14,27,1903,72812
3.55E+14,40,1886,71998
9.90E+14,35,505,70347
R38F30NB98Y,50,2739,69676
3.59E+14,23,1571,68142
9.90E+14,33,697,68130
9.90E+14,56,2424,68046
3.55E+14,34,300,67652
3.56E+14,26,1661,66357
3.54E+14,42,23274,65264
3.56E+14,25,8111,65051
R52H10L41MP,34,955,63602
3.55E+14,34,431,62713
9.90E+14,50,1288,61539
9.90E+14,33,311,60600
3.53E+14,45,29277,60562
9.90E+14,45,13442,59839
R52H1052VBH,34,2109,58305
3.59E+14,31,6375,56953
3.58E+14,28,591,56830
9.90E+14,35,402,56718
3.59E+14,23,956,55859
3.58E+14,25,10738,54790
R52H10L480B,34,562,54186
R52H1052SAA,34,1432,54044
3.54E+14,36,266,52357
3.58E+14,25,826,51523
3.58E+14,28,8533,51206
3.58E+14,25,214,50439
3.58E+14,27,968,49673
9.90E+14,44,2503,49030
9.90E+14,30,435,47034
3.59E+14,22,1537,46872
R52GC0Y0KET,33,4912,46630
3.59E+14,30,336,46366
9.90E+14,44,9680,46158
R52H1052V5M,33,788,46093
R52GC0Y0PQX,34,931,45354
R52GC0Y0CSB,34,271,44992
3.59E+14,23,8070,43642
3.59E+14,20,5901,43279
3.55E+14,27,210,42137
3.59E+14,29,6420,41469
3.58E+14,24,500,40819
3.56E+14,28,4597,40669
R52H10L431K,34,182,40120
3.55E+14,32,331,39817
3.55E+14,33,570,38670
daf4f21,56,384,38318
9.90E+14,35,1319,38205
R52H10L48SA,34,463,37884
3.58E+14,21,11812,37806
3.54E+14,37,439,37552
3.59E+14,46,22157,36583
3.58E+14,32,136,35298
3.55E+14,32,413,35090
3.58E+14,26,178,34804
9.90E+14,35,796,34053
3.59E+14,24,1998,33732
3.58E+14,27,133,33344
3.58E+14,29,1920,32268
R52H1052SWA,34,1109,32228
9.90E+14,50,962,31348
3.54E+14,32,921,31298
3.58E+14,27,17073,30777
3.56E+14,28,4769,30627
9.90E+14,35,246,29433
9.90E+14,35,240,29371
3.56E+14,23,516,29329
3.58E+14,21,191,27704
9.90E+14,49,27264,27475
R52H1052TMM,34,691,27170
3.56E+14,27,2581,25804
3.54E+14,37,1527,24159
9.90E+14,45,1424,23252
3.58E+14,27,437,22599
9.90E+14,18,153,22321
3.58E+14,22,10209,22219
R52GC0Y0JBT,35,507,21972
3.54E+14,41,417,21737
3.58E+14,26,14743,21269
3.56E+14,21,2085,20698
R52GC0Y0EFR,33,899,20278
3.56E+14,27,3216,20124
R52GA20663V,34,1396,19830
9.90E+14,34,1461,19775
3.59E+14,23,5986,18803
9.90E+14,65,11486,18696
R52G30T9Z1L,40,1696,18390
3.59E+14,22,430,18330
3.53E+14,29,12245,18263
3.58E+14,26,5909,18226
3.59E+14,30,3821,17695
9.90E+14,33,1129,17229
3.58E+14,26,419,17113
9.90E+14,35,367,17020
9.90E+14,44,46396,16829
9.90E+14,23,1978,16266
3.58E+14,25,7462,15668
3.58E+14,24,576,15583
3.58E+14,28,13698,13844
3.55E+14,26,434,13780
9.90E+14,35,332,13329
3.55E+14,35,179,12842
3.58E+14,30,14562,12568
R52H1052TWP,34,361,12511
3.54E+14,40,580,12476
3.58E+14,30,226,12445
3.58E+14,24,1425,12296
3.55E+14,33,240,12275
3.58E+14,29,7191,11861
3.58E+14,26,472,11503
3.58E+14,29,879,11290
3.58E+14,24,387,11243
3.58E+14,24,1232,11185
9.90E+14,56,1620,11077
9.90E+14,35,1738,11065
9.90E+14,37,479,11046
3.55E+14,36,172,9572
3.55E+14,40,7443,9186
3.58E+14,26,402,8951
3.58E+14,24,1046,8876
3.54E+14,40,377,8873
3.59E+14,27,344,8638
R52GC0Y0FKX,34,264,8253
9.90E+14,57,31120,8029
3.56E+14,29,640,7441
R52H10L452E,34,296,7423
3.54E+14,29,17215,7225
3.56E+14,23,438,7013
3.59E+14,22,133,6925
9.90E+14,35,93,6873
3.56E+14,23,2981,6747
3.58E+14,27,1030,6697
3.54E+14,33,82,6637
3.58E+14,29,2699,6284
3.58E+14,30,325,5686
3.55E+14,33,989,5337
9.90E+14,51,1052,5330
3.55E+14,31,161,4997
3.58E+14,25,2886,4219
3.58E+14,24,49,4189
9.90E+14,35,576,4091
3.58E+14,26,858,4084
3.54E+14,38,188,4037
3.56E+14,21,14,4025
9.90E+14,28,244,3718
3.58E+14,22,6256,3177
3.54E+14,13,115,3108
3.58E+14,25,6098,2867
9.90E+14,35,299,2801
3.54E+14,37,87,2766
3.59E+14,22,511,2460
3.56E+14,29,324,2404
3.58E+14,27,2863,2400
3.59E+14,23,533,2282
3.59E+14,59,5505,2074
3.58E+14,23,76,1999
3.59E+14,28,1070,1919
R38H10EWKQN,52,35,1917
3.59E+14,26,59,1682
3.58E+14,25,2796,1666
9.90E+14,33,220,1658
9.90E+14,35,791,1513
3.59E+14,26,76,1489
3.59E+14,20,4806,1469
3.56E+14,23,226,1377
3.58E+14,27,388,1246
3.58E+14,27,179,1139
3.59E+14,67,470,1121
3.56E+14,27,3352,1104
3.58E+14,22,4015,898
3.59E+14,28,69,545
R52H10L453W,32,136,523
3.56E+14,26,34,340
3.58E+14,20,466,314
3.53E+14,26,22,167
9.90E+14,47,47,148
3.58E+14,39,15,115
3.59E+14,22,39,95
9.90E+14,30,20,94
3.52E+14,48,17,22
3.54E+14,48,183,18
3.58E+14,25,5,1
3.58E+14,24,403,-2149
3.59E+14,21,35,-2643
3.59E+14,21,147,-3795
3.59E+14,21,70,-7108
3.59E+14,21,300,-7192
3.59E+14,25,689,-10887
3.58E+14,24,10455,-21476
3.59E+14,23,4965,-35450
3.59E+14,24,2204,-37917
3.59E+14,30,2398,-41829
3.59E+14,24,5474,-42534
3.59E+14,22,3366,-44343
3.59E+14,27,2253,-49564
3.59E+14,25,464,-55039
3.58E+14,27,4784,-56892
3.58E+14,29,7032,-68775
3.59E+14,24,636,-69103
3.59E+14,22,3818,-69560
3.59E+14,27,6293,-72606
3.58E+14,24,555,-74874
3.58E+14,26,14936,-81141
3.59E+14,30,4983,-85042
3.59E+14,28,387,-95673
3.59E+14,27,5077,-105424
3.58E+14,23,1398,-115784
3.58E+14,25,1371,-138894
3.59E+14,29,5044,-143746
3.59E+14,21,1568,-145844
3.58E+14,26,3615,-153663
3.59E+14,21,1008,-166803
3.59E+14,29,2693,-176377
3.58E+14,27,6065,-179328
3.59E+14,29,3100,-181468
3.59E+14,21,1933,-237426
3.58E+14,27,13888,-261568
3.59E+14,28,3570,-264190
3.59E+14,28,4534,-264489
3.59E+14,28,1523,-266492
3.58E+14,27,4508,-271235
3.58E+14,26,2483,-278090
3.59E+14,26,4379,-280024
3.59E+14,26,4773,-288524
3.59E+14,23,1517,-296714
3.59E+14,27,3746,-306505
3.59E+14,22,3328,-310573
3.58E+14,27,4010,-317597
3.59E+14,22,5570,-340635
3.58E+14,26,6821,-348683
3.59E+14,22,4496,-373379
3.58E+14,26,10120,-383348
3.59E+14,24,6163,-383380
3.58E+14,26,4314,-393600
3.59E+14,30,3181,-397899
3.58E+14,27,15050,-410785
3.59E+14,28,4054,-413788
3.59E+14,28,1508,-433324
3.59E+14,29,4863,-443895
3.59E+14,27,2592,-446086
3.58E+14,22,10814,-447183
3.58E+14,26,4341,-524153
3.58E+14,26,6001,-532058
3.59E+14,23,3347,-541976
3.59E+14,29,5280,-549327
3.58E+14,27,7546,-559927
9.90E+14,43,4010,-578219
3.58E+14,27,7353,-591811
3.58E+14,27,4975,-593397
3.59E+14,28,6883,-593944
3.58E+14,25,3058,-615994
3.58E+14,25,1232,-642272
3.58E+14,27,4901,-650801
3.59E+14,23,5440,-688893
3.59E+14,23,4557,-699919
3.59E+14,30,6953,-708780
3.59E+14,27,5270,-711794
3.59E+14,23,3351,-727327
3.59E+14,28,1012,-744225
3.58E+14,25,1441,-795054
3.59E+14,27,3267,-875685
3.58E+14,26,5542,-879698
3.59E+14,24,2592,-900766
3.59E+14,23,3218,-940554
3.58E+14,22,11622,-945203
3.59E+14,23,1657,-951981
3.58E+14,26,11815,-1027370
3.59E+14,24,6634,-1092613
3.59E+14,30,6350,-1112089
3.59E+14,22,4385,-1148825
3.59E+14,29,3512,-1180901
3.59E+14,23,1239,-1198437
3.59E+14,27,3684,-1199544
3.58E+14,27,4425,-1225381
3.59E+14,24,2861,-1280467
3.59E+14,26,7726,-1281421
3.59E+14,31,5937,-1361215
3.58E+14,27,5225,-1375509
3.59E+14,22,5239,-1377689
3.59E+14,23,3588,-1429270
3.58E+14,29,6132,-1433857
3.59E+14,21,3977,-1445078
3.59E+14,23,1751,-1521531
3.58E+14,27,2463,-1535410
3.59E+14,29,1181,-1538856
3.59E+14,29,3867,-1539493
3.59E+14,22,3193,-1572236
3.59E+14,28,1261,-1580587
3.58E+14,25,3403,-1583058
3.58E+14,24,6737,-1610249
3.59E+14,23,7203,-1612138
3.58E+14,29,6469,-1652902
3.59E+14,23,5220,-1749630
3.58E+14,24,7047,-1916448
3.59E+14,22,6370,-1988981
3.58E+14,25,8372,-2015743
3.59E+14,22,3012,-2020856
3.59E+14,26,6288,-2036342
3.59E+14,24,7910,-2052663
3.58E+14,28,13237,-2109350
3.58E+14,25,5784,-2111502
3.59E+14,23,1778,-2123360
3.59E+14,27,6398,-2357220
3.59E+14,24,5646,-2377076
3.58E+14,25,8616,-2455449
3.58E+14,26,7711,-2459821
3.58E+14,25,9141,-2464653
3.59E+14,21,4453,-2488608
3.58E+14,25,2827,-2516295
3.59E+14,31,6327,-2554893
3.59E+14,23,5387,-2560148
3.59E+14,27,2045,-2617119
3.58E+14,26,9745,-2629982
3.59E+14,23,6947,-2631327
3.58E+14,22,4600,-2661995
3.59E+14,29,3737,-2728284
3.59E+14,31,6157,-2733977
3.58E+14,25,7263,-2754946
3.59E+14,31,4846,-2804482
3.58E+14,26,8276,-2868654
3.59E+14,26,2818,-2901583
3.59E+14,24,2032,-2915151
3.59E+14,28,4370,-2967787
3.59E+14,28,5496,-2969342
3.59E+14,29,5476,-2993224
3.59E+14,22,2159,-3019560
3.58E+14,20,11518,-3158068
3.59E+14,32,5506,-3163015
3.59E+14,22,3454,-3214430
3.58E+14,25,1796,-3282498
3.59E+14,24,5797,-3326175
3.59E+14,30,4742,-3436986
3.59E+14,29,6071,-3474778
3.59E+14,29,2233,-3510659
3.58E+14,26,2395,-3515963
3.59E+14,28,6469,-3527980
3.59E+14,30,8005,-3547625
3.58E+14,25,2199,-3585582
3.58E+14,25,8117,-3595824
3.59E+14,28,1244,-3656196
3.59E+14,25,2246,-3683014
3.58E+14,21,5071,-3993632
3.58E+14,26,3797,-4053018
3.59E+14,25,3754,-4065703
3.59E+14,29,6032,-4076430
3.58E+14,27,19339,-4125412
3.59E+14,23,5075,-4233914
3.58E+14,26,5190,-4274214
3.58E+14,25,4291,-4507679
3.58E+14,23,6701,-4534109
3.59E+14,29,7069,-4575728
3.58E+14,23,3580,-4701049
3.59E+14,26,4587,-4764361
3.59E+14,29,2653,-4994626
3.59E+14,29,5811,-5067679
3.59E+14,24,2544,-5139830
3.59E+14,28,7011,-5277908
3.59E+14,31,7341,-5301452
3.59E+14,30,6772,-5390554
3.59E+14,29,8418,-5412987
3.58E+14,25,9973,-5448399
3.59E+14,22,2330,-5461988
3.59E+14,23,4009,-5661852
3.59E+14,21,5341,-5851508
3.59E+14,22,6198,-5889138
3.59E+14,23,4427,-5983346
3.58E+14,25,8314,-6150477
3.58E+14,26,4210,-6898797
3.59E+14,21,7907,-6931658
3.59E+14,29,6104,-6967116
3.58E+14,26,7723,-7393580
3.58E+14,26,15667,-7509585
3.58E+14,27,9693,-7661186
3.59E+14,29,6852,-7765070
3.58E+14,27,8893,-7836169
3.59E+14,21,4157,-8401482
3.58E+14,26,5315,-8663800
3.59E+14,28,5043,-8743303
3.59E+14,30,8478,-9127496
3.58E+14,25,14326,-9369217
3.58E+14,26,7618,-9709843
3.59E+14,29,7875,-9898366
3.58E+14,29,12387,-10291962
3.59E+14,28,4724,-10454477
3.58E+14,26,6918,-10455873
3.59E+14,28,6038,-12993457
3.59E+14,26,6112,-13144202
3.58E+14,24,5796,-14026631
3.58E+14,26,5918,-14348602
3.58E+14,26,8902,-14682439
3.58E+14,25,11565,-16137394
3.58E+14,27,6827,-16413568
3.58E+14,26,6881,-18115216
3.58E+14,45,26462,-28834408
